公司代號,投資公司名稱,投資公司英文全稱,英文簡稱,產業類別,境外投資公司名稱,境外子公司名稱,地區別代號,持股比例,facility_name,facility_address,city,state,zip,latitude,longitude,icis_facility_id,npdes_id,資料來源,匹配分數,匹配英文名稱,匹配英文名稱類型,董事長,成立日期,上市日期,實收資本額(元),公司網址,住址,LOGO網址
1301,台灣塑膠工業股份有限公司,Formosa Plastics Corporation,FPC,塑膠工業,,"Formosa Plastics Corporation, U.S.A.",211--美國,,FORMOSA POINT COMFORT PLANT,201 FORMOSA DRIVE,POINT COMFORT,TX,77978,28.4054,-96.3243,3601104956,TXR15285Z,ECHO覆蓋率稽核,100,"Formosa Plastics Corporation, U.S.A.",台塑集團關係企業 FPC USA 德州 Point Comfort 主廠,郭文筆,1954/11/05,1964/07/27,63657407810,http://www.fpc.com.tw,高雄市仁武區水管路100號,https://www.fpcusa.com/content/uploads/2021/04/formosa-logo-stacked.png
2723,開曼美食達人股份有限公司,Gourmet Master Co. Ltd.,Gourmet,觀光餐旅,開曼美食達人股份有限公司,"Perfect 85 Degrees C, Inc.",211--美國,100.00%,PERFECT 85 DEGREES C INC,1415 MOONSTONE,BREA,CA,92821,33.92221,-117.92069,3600995140,CAZ502731,ECHO覆蓋率稽核,100,"Perfect 85 Degrees C, Inc.",MOPS：美食-KY → Perfect 85 Degrees C,吳政學,2008/09/26,2010/11/22,1800000000,http://www.85cafe.com,台中市南屯區工業23路35號,https://www.moneydj.com/kmdj/GetWikiFile.axd?file=217fb84c-437e-4c64-9a74-47415b028298/2723.gif
2027,大成不銹鋼工業股份有限公司,"TA CHEN STAINLESS PIPE CO., LTD.",TC,鋼鐵工業,"Ta Chen International, Inc.","TCI Texarkana, Inc.",211--美國,100.00%,TCI TEXARKANA,300 ALUMAX DR,TEXARKANA,TX,75501,33.450833,-94.138055,1600028470,TX0097055,ECHO覆蓋率稽核,100,"TCI Texarkana, Inc.",MOPS：大成不銹鋼 → Ta Chen International → TCI Texarkana；2018-10 向 Arconic 買下（Arconic 公告）,謝麗雲,1986/11/27,1996/10/24,24342606150,www.tachen.com.tw,台南市仁德區新田二街125號,https://www.fastener-world.com/data/article/Ta_Chen_International_8179_0.png
6505,台塑石化股份有限公司,Formosa Petrochemical Corp,FPCC,油電燃氣業,FG INC.,FG LA LLC,211--美國,100.00%,"FG LA, LLC - SUNSHINE PROJECT EARLY WORKS",8846 HWY 3127,SAINT JAMES,LA,70000,30.029978,-90.919703,3601242192,LAR10N960,ECHO覆蓋率稽核,100,FG LA LLC,MOPS：台塑化 → FG INC.（57%）→ FG LA LLC；路易斯安那 St. James Sunshine Project,曹明,1992/04/06,2003/12/26,95259596520,WWW.FPCC.COM.TW,台北市內湖區南京東路六段380號(A2棟)4樓,
6505,台塑石化股份有限公司,Formosa Petrochemical Corp,FPCC,油電燃氣業,FG INC.,FG LA LLC,211--美國,100.00%,"FG LA, LLC - 3127 WIDENING & DRAINAGE IMPROVEMENTS",HWY 3127,SAINT JAMES,LA,70000,,,3601242202,LAR10N958,ECHO覆蓋率稽核,100,FG LA LLC,MOPS：台塑化 → FG INC.（57%）→ FG LA LLC；路易斯安那 St. James Sunshine Project,曹明,1992/04/06,2003/12/26,95259596520,WWW.FPCC.COM.TW,台北市內湖區南京東路六段380號(A2棟)4樓,
2104,國際中橡投資控股股份有限公司,"International CSRC Investment Holdings Co.,",CSRC,橡膠工業,CCC USA Corp.,Continental Carbon Company,211--美國,100.00%,CONTINENTAL CARBON,11702 CARBON BLACK RD,SUNRAY,TX,79086-2003,35.5885,-101.5346,3601283221,TXR05EU88,ECHO覆蓋率稽核,100,Continental Carbon Company,MOPS：國際中橡 → CCC USA Corp.（66.67%）→ Continental Carbon Company,辜公怡,1973/06/15,1986/07/15,9847336250,http://www.csrcgroup.com,台北市中山北路二段113號8樓,https://images.1111.com.tw/oad/4671.jpg
2027,大成不銹鋼工業股份有限公司,"TA CHEN STAINLESS PIPE CO., LTD.",TC,鋼鐵工業,"Ta Chen International, Inc.","TCI Texarkana, Inc.",211--美國,100.00%,TCI TEXARKANA,300 ALUMAX RD,NASH,TX,75569-0020,33.45265,-94.140314,3601330163,TXR1533GK,ECHO覆蓋率稽核,100,"TCI Texarkana, Inc.",MOPS：大成不銹鋼 → Ta Chen International → TCI Texarkana；2018-10 向 Arconic 買下（Arconic 公告）,謝麗雲,1986/11/27,1996/10/24,24342606150,www.tachen.com.tw,台南市仁德區新田二街125號,https://www.fastener-world.com/data/article/Ta_Chen_International_8179_0.png
1210,大成長城企業股份有限公司,"GREAT WALL ENTERPRISE CO., LTD.",GREATWALL,食品工業,"Dachan(USA), Inc.","Amy Food, Inc",211--美國,80.00%,AMY FOOD,3324 S RICHEY ST,HOUSTON,TX,77017-6259,29.67083,-95.23889,3601434088,TXRNEBU79,ECHO覆蓋率稽核,100,"Amy Food, Inc",MOPS：大成 → Dachan (USA) → Amy Food（80%）,韓家宇,1960/12/28,1978/05/20,8947672220,http://www.dachan.com,台南市永康區蔦松二街三號,https://www.dachan.com/styles/images/static/logo-wb.svg
2908,特力股份有限公司,"Test Rite International Co., Ltd.",Test Rite,貿易百貨,特力股份有限公司,"Test-Rite International (U.S.) Co., Ltd.",211--美國,100.00%,TEST RITE PRODUCTS CORP,1900 S BURGUNDY PL,ONTARIO,CA,91761,34.03989,-117.54789,3600825999,CAZ494423,ECHO覆蓋率稽核,100,"Test-Rite International (U.S.) Co., Ltd.",MOPS：特力 → Test-Rite International (U.S.),李麗秋,1978/08/10,1993/02/18,5098875580,www.testritegroup.com,台北市內湖區新湖三路23號6樓,
2104,國際中橡投資控股股份有限公司,"International CSRC Investment Holdings Co.,",CSRC,橡膠工業,CCC USA Corp.,Continental Carbon Company,211--美國,100.00%,CONTINENTAL CARBON,1500 EAST STATE DOCKS ROAD,PHENIX CITY,AL,36869,32.431944,-84.972778,3601600817,ALU011379,ECHO覆蓋率稽核,100,Continental Carbon Company,MOPS：國際中橡 → CCC USA Corp.（66.67%）→ Continental Carbon Company,辜公怡,1973/06/15,1986/07/15,9847336250,http://www.csrcgroup.com,台北市中山北路二段113號8樓,https://images.1111.com.tw/oad/4671.jpg
1515,力山工業股份有限公司,"REXON INDUSTRIAL CORP.,LTD",REXON,電機機械,力山工業股份有限公司,Power Tool Specialists Inc.,211--美國,96.00%,AIR & POWER TOOL SPECIALISTS,12027 170TH STREET,ARTESIA,CA,90701,33.87696,-118.07569,3601151380,CAZ513140,ECHO覆蓋率稽核,100,Power Tool Specialists Inc.,MOPS：力山 → Power Tool Specialists（96%）,王冠祥,1973/04/30,1995/02/04,1814735000,http://www.rexon.net,台中市大里區仁化路261號,https://images.1111.com.tw/oad/2785029.jpg
1301,台灣塑膠工業股份有限公司,Formosa Plastics Corporation,FPC,塑膠工業,,"Formosa Plastics Corporation, U.S.A.",211--美國,,FORMOSA RAIL LINE AND MARSHALLING YARDS,201 FORMOSA DR,POINT COMFORT,TX,77978,28.6888,-96.5472,3601731156,TXR05GN80,ECHO覆蓋率稽核,100,"Formosa Plastics Corporation, U.S.A.",台塑集團關係企業 FPC USA 德州 Shore Tank Farm,郭文筆,1954/11/05,1964/07/27,63657407810,http://www.fpc.com.tw,高雄市仁武區水管路100號,https://www.fpcusa.com/content/uploads/2021/04/formosa-logo-stacked.png
2603,長榮海運股份有限公司,EVERGREEN MARINE CORP. (TAIWAN) LTD.,EMC,航運業,長榮海運股份有限公司,Everport Terminal Services Inc.,211--美國,94.43%,EVERPORT TERMINAL SERVICES INC,389 TERMINAL WAY,SAN PEDRO,CA,90731,33.74267,-118.26812,3600734481,CAZ466559,ECHO覆蓋率稽核,100,Everport Terminal Services Inc.,MOPS：長榮 → Everport Terminal Services（94.43%）,張衍義,1968/09/25,1987/09/21,21650429960,www.evergreen-marine.com,台北市中山區民生東路二段166號,https://encrypted-tbn0.gstatic.com/images?q=tbn:ANd9GcSiXgjcLaeDME3lwc0W8JdXRDpOX9BTIiWfaw&s
2383,台光電子材料股份有限公司,"ELITE  MATERIAL CO., LTD.",EMC,電子零組件業,EMC SPECIAL APPLICATION INCORPORATED,"EMD SPECIALTY MATERIALS,LLC",211--美國,100.00%,ARLON EMD,9433 HYSSOP DRIVE,RANCHO CUCAMONGA,CA,91730,34.08237,-117.54354,3600734765,CAZ469513,ECHO覆蓋率稽核,100,"EMD SPECIALTY MATERIALS,LLC",MOPS：台光電 → EMC International Holding → EMC Special Application → EMD Specialty Materials,董定宇,1992/03/24,1998/11/27,3524741420,http://www.emctw.com,桃園巿觀音區觀音工業區大同一路18號,
2027,大成不銹鋼工業股份有限公司,"TA CHEN STAINLESS PIPE CO., LTD.",TC,鋼鐵工業,"Primus Pipe and Tube Holdings, Inc.","Primus Pipe and Tube, Inc.",211--美國,100.00%,PRIMUS PIPE & TUBE BUILDING ADDITION,241 W CLARKE ST,WILDWOOD,FL,34785,28.8769444,-82.0388889,3601061039,FLR10SJ36,ECHO覆蓋率稽核,100,"Primus Pipe and Tube, Inc.",MOPS：大成不銹鋼 → Ta Chen International → Primus Pipe and Tube,謝麗雲,1986/11/27,1996/10/24,24342606150,www.tachen.com.tw,台南市仁德區新田二街125號,https://www.fastener-world.com/data/article/Ta_Chen_International_8179_0.png
1301,台灣塑膠工業股份有限公司,Formosa Plastics Corporation,FPC,塑膠工業,,"Formosa Plastics Corporation, U.S.A.",211--美國,,FORMOSA POINT COMFORT PLANT,201 FORMOSA DR,POINT COMFORT,TX,77978,28.6888,-96.5472,3601368154,TXR1575HM,ECHO覆蓋率稽核,100,"Formosa Plastics Corporation, U.S.A.",台塑集團關係企業 FPC USA 德州 Shore Tank Farm,郭文筆,1954/11/05,1964/07/27,63657407810,http://www.fpc.com.tw,高雄市仁武區水管路100號,https://www.fpcusa.com/content/uploads/2021/04/formosa-logo-stacked.png
6472,保瑞藥業股份有限公司,"Bora Pharmaceuticals Co., Ltd.",Bora,生技醫療業,Upsher-Smith America LLC,"Upsher-Smith Laboratories, LLC",211--美國,100.00%,UPSHER SMITH LABORATORIES,301 S CHEROKEE ST,DENVER,CO,80223,39.709970,-104.993210,3601322171,CONOX0652,ECHO覆蓋率稽核,100,"Upsher-Smith Laboratories, LLC",MOPS：保瑞 → Bora Pharmaceuticals USA → … → Upsher-Smith,盛保熙,2007/06/12,2023/12/19,1037173950,https://bora-corp.com/,台北市內湖區瑞光路26巷36弄2號6樓,https://service.moea.gov.tw/EE514/wSite/public/Attachment/00103/f1714355121389.png
2908,特力股份有限公司,"Test Rite International Co., Ltd.",Test Rite,貿易百貨,特力股份有限公司,"Test-Rite International (U.S.) Co., Ltd.",211--美國,100.00%,TEST RITE DISTRIBUTION,4135 WEST WHITE ROAD,OAKWOOD,GA,30566,34.2146,-83.8955,3601047630,GAR1544B7,ECHO覆蓋率稽核,100,"Test-Rite International (U.S.) Co., Ltd.",MOPS：特力 → Test-Rite International (U.S.),李麗秋,1978/08/10,1993/02/18,5098875580,www.testritegroup.com,台北市內湖區新湖三路23號6樓,
2317,鴻海精密工業股份有限公司,Foxconn,HON HAI,其他電子業,,Sharp Manufacturing Company of America,211--美國,,SHARP MFG. CO. OF AMERICA,4050 SOUTH MENDENHALL,MEMPHIS,TN,38193,35.036944,-89.88083,3600258184,TNR053068,ECHO覆蓋率稽核,100,Sharp Manufacturing Company of America,夏普美國製造，夏普 2016 起為鴻海集團,劉揚偉,1974/02/20,1991/06/18,138917408530,https://www.honhai.com/zh-tw,新北市土城區自由街2號,https://ntucace.ntu.edu.tw/institution/download.logo/sn/29/key/2024021518592365cdee8b00361/preview/1
2330,台灣積體電路製造股份有限公司,TSMC,TSMC,半導體業,台灣積體電路製造股份有限公司,TSMC Arizona Corporation,211--美國,100.00%,TSMC P4,5088 W INNOVATION CIR,PHOENIX,AZ,85083,33.78341,-112.15311,3602079043,AZC113140,ECHO覆蓋率稽核,100,TSMC Arizona Corporation,MOPS：台積電 → TSMC Arizona（100%）,魏哲家,1987/02/21,1994/09/05,259326155210,https://www.tsmc.com,新竹科學園區力行六路8號,https://hocom.tw/Uploads/Album/199072_372048198094.jpg
2330,台灣積體電路製造股份有限公司,TSMC,TSMC,半導體業,台灣積體電路製造股份有限公司,TSMC Arizona Corporation,211--美國,100.00%,APS - TSMC PHASE 2,5088 W INNOVATION CIR,PHOENIX,AZ,85083,33.78341,-112.15311,3602078942,AZC112964,ECHO覆蓋率稽核,100,TSMC Arizona Corporation,MOPS：台積電 → TSMC Arizona（100%）,魏哲家,1987/02/21,1994/09/05,259326155210,https://www.tsmc.com,新竹科學園區力行六路8號,https://hocom.tw/Uploads/Album/199072_372048198094.jpg
2330,台灣積體電路製造股份有限公司,TSMC,TSMC,半導體業,台灣積體電路製造股份有限公司,TSMC Arizona Corporation,211--美國,100.00%,TAIWAN SEMICONDUCTOR MANUFACTURING COMPANY,5088 W INNOVATION CIR,PHOENIX,AZ,85083,33.77514,-112.16055,3602079003,AZC113138,ECHO覆蓋率稽核,100,TSMC Arizona Corporation,MOPS：台積電 → TSMC Arizona（100%）,魏哲家,1987/02/21,1994/09/05,259326155210,https://www.tsmc.com,新竹科學園區力行六路8號,https://hocom.tw/Uploads/Album/199072_372048198094.jpg
2330,台灣積體電路製造股份有限公司,TSMC,TSMC,半導體業,台灣積體電路製造股份有限公司,TSMC Arizona Corporation,211--美國,100.00%,TSMC ARIZONA - MAIN OFFICE,NO ADDRESS ON FILE,UNKNOWN,AZ,85233,33.77494,-112.16251,3602078546,AZC112312,ECHO覆蓋率稽核,100,TSMC Arizona Corporation,MOPS：台積電 → TSMC Arizona（100%）,魏哲家,1987/02/21,1994/09/05,259326155210,https://www.tsmc.com,新竹科學園區力行六路8號,https://hocom.tw/Uploads/Album/199072_372048198094.jpg
2330,台灣積體電路製造股份有限公司,TSMC,TSMC,半導體業,台灣積體電路製造股份有限公司,TSMC Arizona Corporation,211--美國,100.00%,TSMC ARIZONA - PARKING AREA,NO ADDRESS ON FILE,UNKNOWN,AZ,85258,33.7747,-112.16214,3602086362,AZC113891,ECHO覆蓋率稽核,100,TSMC Arizona Corporation,MOPS：台積電 → TSMC Arizona（100%）,魏哲家,1987/02/21,1994/09/05,259326155210,https://www.tsmc.com,新竹科學園區力行六路8號,https://hocom.tw/Uploads/Album/199072_372048198094.jpg
1301,台灣塑膠工業股份有限公司,Formosa Plastics Corporation,FPC,塑膠工業,,"Formosa Plastics Corporation, U.S.A.",211--美國,,FORMOSA POINT COMFORT PLANT,201 FORMOSA DRIVE,POINT COMFORT,TX,77978,28.6825,-96.545278,1600028209,TX0085570,ECHO覆蓋率稽核,100,"Formosa Plastics Corporation, U.S.A.",台塑集團關係企業 FPC USA 德州 Point Comfort 主廠,郭文筆,1954/11/05,1964/07/27,63657407810,http://www.fpc.com.tw,高雄市仁武區水管路100號,https://www.fpcusa.com/content/uploads/2021/04/formosa-logo-stacked.png
2104,國際中橡投資控股股份有限公司,"International CSRC Investment Holdings Co.,",CSRC,橡膠工業,CCC USA Corp.,Continental Carbon Company,211--美國,100.00%,CONTINENTAL CARBON COMPANY,1500 EAST STATE DOCKS ROAD,PHENIX CITY,AL,36869,32.432209,-84.973602,3600765342,ALD000238,ECHO覆蓋率稽核,100,Continental Carbon Company,MOPS：國際中橡 → CCC USA Corp.（66.67%）→ Continental Carbon Company,辜公怡,1973/06/15,1986/07/15,9847336250,http://www.csrcgroup.com,台北市中山北路二段113號8樓,https://images.1111.com.tw/oad/4671.jpg
1210,大成長城企業股份有限公司,"GREAT WALL ENTERPRISE CO., LTD.",GREATWALL,食品工業,"Dachan(USA), Inc.","Amy Food, Inc",211--美國,80.00%,AMY FOOD,3324 S RICHEY ST,HOUSTON,TX,77017-6259,29.67,-95.24,3600973360,TXRNET517,ECHO覆蓋率稽核,100,"Amy Food, Inc",MOPS：大成 → Dachan (USA) → Amy Food（80%）,韓家宇,1960/12/28,1978/05/20,8947672220,http://www.dachan.com,台南市永康區蔦松二街三號,https://www.dachan.com/styles/images/static/logo-wb.svg
